name,coordinate
data\car\image\train_1w\342640d0-78aa-47b0-9c17-0f175eddf64e.jpg,524_213_171_178
data\car\image\train_1w\857b9e98-5b2a-4b66-8206-4aff6ff61321.jpg,371_73_120_115;0_153_88_146;744_168_146_146;333_215_157_138
data\car\image\train_1w\4ab1c181-bfce-4df0-98f0-9156d8a3ab8d.jpg,324_245_181_162
data\car\image\train_1w\b4f2e401-70d4-4157-a2e6-22098f3600ad.jpg,134_0_44_25;160_6_53_48;265_0_49_29;394_0_54_50;447_0_38_18;543_0_57_42;295_27_69_58;0_72_48_78;83_52_84_73;214_16_72_52;472_123_92_87;490_246_151_151;0_0_75_47;194_0_53_24;195_52_72_65;594_0_84_28;957_165_112_109
data\car\image\train_1w\0116927e-e295-468e-9c0d-7cd5e5f5301e.jpg,198_3_67_57;394_0_57_26;555_0_50_29;657_18_103_35;267_36_81_50;477_69_80_60;1007_50_61_52;97_34_93_82;590_79_72_54;797_32_130_43;466_133_101_91;616_136_97_85;659_247_162_180;119_0_64_13;375_4_59_28;379_23_60_49;472_0_46_27;500_1_38_49;461_26_64_42;562_4_51_32;564_17_47_47;585_38_62_48;1026_127_42_100
data\car\image\train_1w\2daaa450-5798-41cd-8b9e-92b644893ace.jpg,760_146_136_112;791_243_201_166;0_176_133_120;81_11_93_58;623_94_126_95
data\car\image\train_1w\74ee3f6e-44eb-4f76-bc0c-509ef00288ff.jpg,448_0_57_43;533_0_67_46;189_12_99_69;428_38_95_116;0_107_147_160;379_203_167_197
data\car\image\train_1w\bca252d6-393a-4393-9ff0-5700e1fe6498.jpg,528_2_52_24;78_16_139_62;822_22_151_46;0_74_57_85;66_158_132_97;333_108_116_102;0_0_60_30;843_60_149_82
data\car\image\train_1w\4ab1a557-5ad5-47b6-922d-94b99855d34f.jpg,560_231_158_199
data\car\image\train_1w\f2abf51e-71e1-4093-bdf7-c53b46a5b707.jpg,0_2_59_61;990_0_79_31;116_77_94_71;713_392_256_108;677_126_153_195;189_257_183_143;974_2_42_16;964_0_19_12
data\car\image\train_1w\37749ddb-d1c3-4f1f-8216-a09e8812695a.jpg,759_0_106_23;361_0_146_170;129_433_219_67;713_170_247_231;697_0_66_10
data\car\image\train_1w\28f56806-726e-4155-975f-14ea55b8c2a7.jpg,320_0_49_38;494_0_49_29;589_12_57_56;686_0_32_10;679_44_62_46;217_25_86_47;407_21_69_52;516_67_59_72;916_43_134_55;604_89_96_60;10_119_125_100;670_272_190_159;114_1_82_10;0_93_28_69;419_0_71_35;399_0_21_23;677_10_51_29
data\car\image\train_1w\59ba94ae-ab45-46e6-a052-24b49f7b82fb.jpg,682_111_152_121;297_429_207_61;691_226_178_197;337_203_215_205;472_1_68_20
data\car\image\train_1w\510bff11-9c10-40ab-a474-53983f7bef5c.jpg,0_118_124_153;581_237_162_186
data\car\image\train_1w\374dee1a-252d-4662-b0b5-4818a29a19b4.jpg,104_0_67_24;285_2_53_32;565_0_56_25;183_50_170_62;478_68_121_68;571_37_122_61;862_68_103_53;11_87_108_84;738_72_175_88;80_135_129_100;276_229_176_176;511_0_46_28;813_1_124_47;918_51_143_43;769_37_143_40;732_20_137_40
data\car\image\train_1w\510f6c27-7560-4fe4-be8c-f30a7391658a.jpg,686_118_89_79;315_140_122_113;694_260_165_155;972_315_96_185
data\car\image\train_1w\73f1d2b5-7e4b-47fd-912e-ed3f3cf3baef.jpg,625_53_73_57;789_407_203_91;481_234_164_176;593_99_85_74;737_25_229_329;121_0_119_28;3_2_101_31
data\car\image\train_1w\4c63c86d-161f-4270-9a76-057843353a32.jpg,756_0_154_43;918_3_71_32;88_70_80_63;564_0_191_140;0_73_73_180;144_132_131_78;0_258_100_152;339_266_180_148;976_9_83_36;1041_12_28_28
data\car\image\train_1w\925b89df-b197-4664-a20b-24d2a1c5806c.jpg,849_111_41_43;176_0_76_49;366_26_96_92;511_62_101_81;670_15_148_57;188_93_101_89;563_140_141_97;416_202_158_132;70_243_173_155;1003_331_66_165;376_464_211_36;193_17_96_76;747_0_101_14;701_46_128_84
data\car\image\train_1w\2db2b4ac-ce8e-4893-8b37-08eace02157b.jpg,525_13_70_54;337_12_82_63;743_29_84_74;904_56_138_87;357_81_99_82;543_94_103_133;715_110_126_95;0_131_99_140;924_148_145_123;312_200_167_173;789_232_227_179;192_0_76_54;893_3_82_38
data\car\image\train_1w\b297d8a9-c1e2-443c-aa63-adb0ead01b0b.jpg,701_29_177_74;977_30_90_64;589_259_185_176;362_0_50_18
data\car\image\train_1w\bb01bfb8-8a07-4145-bcf6-9f4397b8ae46.jpg,19_0_118_59;187_87_128_113;529_174_145_188
data\car\image\train_1w\df8a7ac9-974d-4f93-b166-890c1ce957e2.jpg,280_0_60_32;342_0_40_16;147_32_93_54;267_36_78_36;497_25_64_62;575_29_113_61;672_61_135_62;483_111_88_77;292_133_95_89;637_149_109_68;649_214_115_88;413_215_133_128;119_232_204_199;677_310_177_162;354_10_51_48;256_61_74_54;560_0_33_16
data\car\image\train_1w\511019d9-2fcd-4d00-8c16-7a06d3170e48.jpg,465_195_176_250;26_26_101_105;131_0_82_32
data\car\image\train_1w\28ea50cc-c283-44ae-8228-14fdcd88f895.jpg,2_32_45_26;179_8_67_33;314_26_66_42;641_12_42_36;919_0_99_28;347_57_58_50;640_40_63_48;745_13_74_74;387_94_72_65;501_104_86_91;671_165_114_112;878_177_168_131;191_247_164_141;456_231_147_154;1047_3_22_17
data\car\image\train_1w\28f5e65f-8ec6-4089-a8c0-14067b3ff952.jpg,375_8_39_30;694_0_99_28;310_38_65_49;0_117_24_68;407_63_74_63;60_100_108_94;242_121_94_79;2_195_97_118;385_254_150_193;119_299_181_153
data\car\image\train_1w\742010e7-5177-44eb-ae41-164c5dbf7d91.jpg,447_0_149_60;30_16_100_52;741_29_132_56;178_36_95_60;322_67_76_67;121_91_113_114;741_70_180_79;284_138_95_76;275_259_156_159;178_7_104_22;229_12_61_55;797_5_160_47
data\car\image\train_1w\55b9b4ca-b3ff-4f4b-ad5c-a3de951f030b.jpg,85_0_98_41;4_0_120_70;854_0_183_93;410_93_206_229;0_31_105_138;943_84_126_266
data\car\image\train_1w\59bace0e-b55a-403d-95a5-06809386f599.jpg,164_206_216_194;453_192_191_186;216_40_175_128
data\car\image\train_1w\675f4046-2c57-4906-aee9-03e06bd6b44a.jpg,1021_0_45_16;69_55_107_87;270_261_224_186;985_0_25_13
data\car\image\train_1w\28e96bee-fc01-4e8d-a4ea-8a5e1963275e.jpg,415_30_62_45;181_43_134_80;662_29_153_62;271_117_124_83;3_195_149_188;264_220_201_195;544_2_48_26;405_0_44_37;392_0_26_16;454_0_43_20;278_0_52_13;1_0_59_46;2_143_107_68
data\car\image\train_1w\92a43a1a-af6e-464c-8d75-c1b3cc3c7e21.jpg,543_0_64_21;81_18_104_47;412_45_66_67;660_58_129_90;351_115_113_92;361_241_148_153;585_238_164_205;38_53_183_70;434_1_106_69
data\car\image\train_1w\bafc2682-4ded-4dca-8dbc-c0828d4314ea.jpg,361_0_70_42;747_0_43_20;770_0_79_27;183_0_72_52;395_84_110_107;353_323_210_169;711_302_256_184;120_0_84_27
data\car\image\train_1w\e199f9b5-94e0-4931-9aba-0fc48b105640.jpg,978_102_91_176;508_30_170_138;856_58_213_140;0_0_118_75;0_65_100_73;0_86_72_136
data\car\image\train_1w\e19ea8a2-d76a-4e81-b0b4-1f62f5413145.jpg,304_0_112_69;0_93_79_87;456_193_142_160;272_411_218_89;0_172_13_63;903_3_141_74
data\car\image\train_1w\010bd7ff-0fed-481b-8d23-8a547a0915c9.jpg,325_0_32_18;432_11_42_28;1040_9_28_38;233_36_53_53;318_27_65_50;410_61_66_51;505_32_59_59;1_265_14_99;39_119_105_84;627_108_109_77;551_140_115_122;340_249_133_125;603_332_209_166;372_0_33_10;304_5_38_27;502_1_71_49
data\car\image\train_1w\4c6ef0cf-e408-4fb9-98d8-bb0ac3a6fe47.jpg,0_20_49_38;361_19_61_38;460_53_69_51;2_87_109_76;367_79_70_73;517_90_73_55;0_141_119_105;686_128_83_74;232_231_168_145
data\car\image\train_1w\a6fe4eff-42db-43d8-857a-a9258c4b15f4.jpg,425_155_216_209;155_100_182_164
data\car\image\train_1w\f6b0f180-c246-4fb1-8452-5bf7b8d1f9af.jpg,1_0_92_73;470_0_94_66;194_45_116_96;397_44_119_101;462_233_184_189;3_301_238_195
data\car\image\train_1w\924aff28-90b8-4697-9bcb-cb944492f316.jpg,316_0_64_8;524_0_86_18;660_0_71_29;756_0_84_19;0_61_108_84;728_29_83_67;516_29_139_159;38_134_141_120;762_201_165_169;485_196_144_178;866_463_202_36
data\car\image\train_1w\160c7b64-db60-4698-9e4d-4daa3d75d6a6.jpg,74_2_45_39;124_8_51_36;163_17_44_40;454_0_35_23;377_36_59_49;465_55_40_53;527_0_33_28;850_193_215_108;0_5_79_68;273_53_65_50;868_75_129_49;42_82_87_82;370_112_87_95;718_110_174_64;187_136_105_81;626_134_103_86;948_292_117_152;0_387_165_113;347_242_167_167;651_281_179_148;133_0_27_15;160_1_38_20;265_1_44_26;328_0_29_13;312_26_50_38;535_23_101_37
data\car\image\train_1w\df91b38e-d418-4966-b2ee-b6dfb6894706.jpg,95_0_61_53;174_0_55_29;266_0_65_26;528_0_53_37;802_1_131_42;2_52_99_89;275_30_67_53;292_84_86_76;737_66_189_89;111_120_111_111;0_240_143_191;239_253_170_209;14_1_63_21;909_26_153_49
data\car\image\train_1w\5cabc255-3046-446f-a5f0-76a3d227028d.jpg,194_0_116_26;0_108_64_104;540_93_107_97;194_143_151_152;378_253_188_181;1_342_197_158
data\car\image\train_1w\f6aa3cbd-4d62-446e-9d01-10359fc6bc1f.jpg,946_0_87_20;1007_2_62_30;0_103_26_58;11_163_150_91;435_242_144_147;701_228_153_139;762_429_205_71;233_126_201_211;28_360_253_140;0_25_39_32;8_15_80_34
data\car\image\train_1w\2dabe1b4-f064-427e-b42c-9bc19aeea96a.jpg,517_239_140_159
data\car\image\train_1w\7e002a37-d10c-4173-a131-07c74d995e25.jpg,534_0_40_38;774_10_47_35;624_61_54_49;431_0_80_84;857_17_145_49;461_58_87_64;560_96_68_62;983_92_82_71;43_129_147_96;662_276_164_154;344_5_60_47;831_0_88_30
data\car\image\train_1w\df905092-081c-492b-a341-2a9d7588be9c.jpg,2_81_131_86;364_192_166_167
data\car\image\train_1w\160b7adb-54af-4eb5-9667-2c5e4b0efa03.jpg,184_0_100_24;292_0_81_26;770_0_106_14;744_226_181_160;440_258_183_170
data\car\image\train_1w\8bb3938a-bb88-48ff-b386-606e87151661.jpg,359_212_171_206
data\car\image\train_1w\a6f98b70-64be-4835-b4bb-c11dcad3950a.jpg,196_0_77_45;338_136_125_133;578_350_217_150;1046_23_22_39;1044_73_23_45;1052_95_12_40
data\car\image\train_1w\b2e5e8ae-2b0b-4d65-9643-9f0003ac8652.jpg,708_0_83_27;984_0_85_21;148_1_142_53;0_47_158_99;186_52_117_83;511_38_99_81;242_121_116_114;480_118_124_113;925_120_138_111;164_257_188_185;433_252_188_194
data\car\image\train_1w\921d8668-d867-458a-b554-05951caf32de.jpg,1010_0_59_73;723_0_153_42;17_0_147_91;0_48_96_116;851_36_200_142;591_54_176_147;0_146_20_82;354_450_208_50
data\car\image\train_1w\28f25a0a-8369-4d3f-8065-41d6f814da21.jpg,189_0_48_36;262_0_42_40;100_6_64_48;0_20_44_54;549_0_51_34;450_196_170_149;480_364_178_131;268_233_147_175;25_0_48_40;519_1_29_19;960_162_109_75;580_147_142_110
data\car\image\train_1w\304d8e91-6b0e-4926-bd74-fd38c7da11f8.jpg,362_0_45_14;726_0_59_30;847_0_74_36;0_6_56_48;4_0_64_17
data\car\image\train_1w\304c2f70-6f01-45b8-8be0-57e7f8679366.jpg,541_5_63_28;478_242_164_158
data\car\image\train_1w\2daa8a74-6e76-4133-af8b-b4492610bdb3.jpg,554_41_101_93;42_67_176_126;783_80_114_119;901_373_168_126;571_212_167_181;167_239_194_188
data\car\image\train_1w\8bb4985c-0474-43ac-9474-b38e980cbb10.jpg,279_5_52_36;355_0_39_14;508_50_57_61;228_19_57_55;860_35_121_47;244_141_137_126;123_260_205_145;388_275_158_154;630_172_439_328;540_0_34_7
data\car\image\train_1w\59bf970d-1901-4e1b-907c-7e4b12c69f3e.jpg,321_207_137_194
data\car\image\train_1w\bafcf47b-5e0e-4c76-9774-1f8944c7e63c.jpg,251_0_83_43;624_0_65_38;1001_0_67_27;724_0_72_24;99_78_154_118;496_83_109_91;733_202_199_199;717_2_65_70
data\car\image\train_1w\80b3855b-ea92-480e-83c9-8a85129c2420.jpg,64_0_85_27;438_0_85_30;174_14_108_89;376_220_189_215
data\car\image\train_1w\4aaedbdb-be4b-40b5-82e4-3f7ec2ab5e47.jpg,276_0_67_38;795_0_41_17;379_19_82_63;227_55_97_113;422_85_107_98;439_399_221_101;665_229_193_157
data\car\image\train_1w\010b92b6-ba05-4f26-aa64-bf5dac3a94da.jpg,4_0_84_42;183_0_68_30;71_20_94_54;0_45_57_103;330_30_96_92;574_24_82_71;59_64_154_129;595_105_113_99;768_95_138_113;302_117_140_157;568_266_171_170;896_253_170_223
data\car\image\train_1w\7df887e9-29d4-48c5-9463-5ee3bc94241e.jpg,514_1_68_16;217_0_91_61;354_60_102_90;540_106_151_133;309_211_163_193
data\car\image\train_1w\4aae5f8f-e3e5-436f-8630-eb3996aa18aa.jpg,334_77_109_104
data\car\image\train_1w\74ecbc66-ccf9-482d-8eab-f30336e2a875.jpg,251_6_62_42;346_0_39_8;395_0_52_18;490_15_79_51;639_28_131_72;248_159_134_93;449_199_128_113;650_217_144_120;800_215_149_111;393_304_166_155;0_439_198_61;703_400_222_96;123_221_205_188
data\car\image\train_1w\010e7db5-df44-4dc5-8d96-44a08f6248e3.jpg,732_34_125_101;1033_6_36_59;147_60_166_135;521_295_175_203;977_58_92_75
data\car\image\train_1w\f6a8b18c-a80f-42e7-8a63-5d926f122593.jpg,216_0_51_22;271_0_79_29;0_97_8_83;698_1_64_59;111_20_108_69;543_49_114_97;86_83_129_106;717_77_91_85;467_128_116_113;513_249_187_178;775_256_171_175
data\car\image\train_1w\ad695a8e-288b-4eef-875f-e49b450b4e78.jpg,325_238_177_172
data\car\image\train_1w\8bb07bc6-03dc-4c8e-b36e-2e02af682628.jpg,81_0_135_37;504_0_100_69;0_24_72_79;120_60_143_116;484_174_165_159;119_217_208_171
data\car\image\train_1w\59b6ca68-92c6-48ec-94ff-48e38a76cee8.jpg,76_0_103_12;266_0_121_51;579_61_131_77;0_75_105_92;249_135_123_140;391_235_146_152;0_307_71_185;0_139_67_83
data\car\image\train_1w\9ab1f787-e955-468b-83b6-cf60becd57eb.jpg,397_0_152_49;526_2_178_78;796_0_150_46;826_141_160_139;192_175_162_150;406_165_145_145;416_374_271_123;688_258_224_189;26_347_250_153
data\car\image\train_1w\baffbce2-43ed-423f-8d93-3196c35c6097.jpg,35_3_73_47;205_3_58_56;81_29_90_55;173_46_72_64;770_42_153_48;4_54_81_49;747_92_178_67;65_172_132_117;288_176_119_130;424_238_155_153;2_27_65_37;0_84_98_81;370_0_48_15;798_1_136_46;506_1_52_21;574_0_71_26
data\car\image\train_1w\f2aa48df-d079-46f3-af54-dc39e0bbe20a.jpg,104_0_166_35;655_14_79_73;376_205_138_155
data\car\image\train_1w\929ae86f-86fc-4353-9b34-7bfd3e94d0a5.jpg,410_84_110_110;730_61_146_120;319_233_203_202;762_0_156_34
data\car\image\train_1w\5cacf04e-fce2-4aaf-b28a-775aae43288f.jpg,515_0_70_24;769_4_163_54;124_16_105_81;879_61_121_88;548_196_152_184
data\car\image\train_1w\80ba6831-902e-4ad3-8823-a67b2ded0556.jpg,385_0_43_48;0_0_45_30;11_38_85_89;79_91_77_71;52_145_120_96;0_243_123_156;299_287_174_182;55_17_73_46;280_77_88_78
data\car\image\train_1w\f2ad486a-bef7-48a7-8f1f-758dd506fa66.jpg,2_2_81_65;146_8_116_68;822_0_100_67;30_47_172_97;111_206_194_226;858_268_211_191;195_0_95_31
data\car\image\train_1w\e3d6a72f-a64a-416f-a453-94ea81814ccf.jpg,33_10_85_64;1_30_79_111;193_26_118_74;887_0_171_174;761_155_305_218;835_0_53_44
data\car\image\train_1w\926cfffb-e57d-48f4-b38f-5bdf56afcabd.jpg,419_19_63_61;694_14_140_56;405_112_99_83;988_147_81_109;153_198_150_127;398_264_155_180;11_319_218_177;0_1_10_46;1_190_18_91;1002_41_67_52
data\car\image\train_1w\160ab4ee-8921-4a03-80fc-f981af287c14.jpg,10_2_50_12;99_1_59_8;268_0_72_48;165_68_116_100;590_62_218_103;241_139_145_124;0_277_120_162;242_280_190_180
data\car\image\train_1w\55f060d7-d8e6-4853-8c7d-d772edcbb7a9.jpg,396_0_62_16;606_5_63_39;1054_177_15_78;131_14_90_65;273_20_122_66;477_0_78_86;969_0_100_52;906_75_140_75;291_160_151_156;551_30_248_381;834_218_218_156;1014_448_54_52;333_0_85_52
data\car\image\train_1w\9ab0fa76-88b0-47dc-a021-4052d0208256.jpg,427_254_143_151
data\car\image\train_1w\bec7094c-13fe-45ec-9f83-c35ab7836e21.jpg,316_10_133_155;750_239_176_172
data\car\image\train_1w\bca30f09-7112-4ce1-81d1-815960df48e2.jpg,1015_0_56_51;310_197_181_206
data\car\image\train_1w\857ef203-2c26-4628-b362-b099cfbc9160.jpg,234_98_98_103;0_161_105_120;92_244_143_151;353_235_141_143;68_2_59_39;158_0_62_37;575_129_102_83;749_139_153_71;875_225_190_93
data\car\image\train_1w\f2b10873-770e-47b4-b319-845604b8654d.jpg,122_17_50_38;184_0_38_24;461_17_43_36;270_37_57_43;1_22_78_44;365_68_67_63;492_51_108_61;225_87_78_64;624_122_181_66;2_114_62_136;407_133_100_93;179_171_124_114;640_205_142_98;917_261_152_106;379_270_147_137;776_398_268_99;122_0_44_18;19_0_56_28;1034_422_33_78;460_2_36_12
data\car\image\train_1w\0110012b-7191-4fc9-a67a-29d03165afa3.jpg,230_255_182_139;0_2_43_47;184_27_118_54;403_2_103_45;603_1_88_24;822_0_144_36
data\car\image\train_1w\ad6b5f8f-fcd3-470c-aec1-98ee7e0bde14.jpg,303_0_41_25;488_0_35_30;693_0_43_28;743_15_61_34;588_18_49_52;5_0_85_41;89_0_112_74;215_41_75_69;407_8_43_42;871_39_134_46;254_72_88_77;515_52_70_49;278_147_108_93;167_272_171_143;244_3_62_43;326_0_54_53;378_0_40_21;431_18_53_39;423_39_83_63;508_5_48_50;519_77_76_73;571_3_43_35;601_55_65_56
data\car\image\train_1w\9236fa1b-a239-402e-8924-b55779f1fbe7.jpg,23_0_79_26;118_0_76_27;350_161_138_103;463_239_186_161;736_250_138_141;174_0_65_20
data\car\image\train_1w\304fc8c0-d715-4d55-8c23-a480843d673b.jpg,0_217_47_166;164_281_214_184;1018_0_47_11
data\car\image\train_1w\511069bf-52ad-4e83-b4b2-7fae3dbc709c.jpg,0_0_53_24;199_4_63_26;255_17_60_32;319_6_64_31;637_0_37_24;727_7_49_36;888_0_42_14;995_0_74_28;377_49_58_43;517_55_59_45;685_36_60_46;760_60_72_55;367_96_66_57;662_111_85_79;175_254_184_147;11_3_93_44;0_23_54_28;0_33_38_33;81_5_43_23;108_4_42_21;318_25_54_40;774_0_87_13;924_0_104_27
data\car\image\train_1w\28f07bf9-9d6c-4320-9382-2271b427c232.jpg,125_3_60_30;212_19_57_40;277_68_123_79;541_0_49_30;680_5_66_42;106_31_84_54;170_52_82_71;481_43_66_80;57_112_125_99;287_113_115_98;277_227_164_155;944_157_125_130;197_1_52_21;272_0_52_17
data\car\image\train_1w\8bb738ea-06b6-4f17-9b2c-5ae542f1cafe.jpg,362_0_53_20;496_2_46_24;567_13_50_47;156_0_189_88;486_59_75_86;600_41_74_69;890_42_129_43;306_87_86_73;618_94_80_83;455_151_88_90;226_180_148_131;10_370_201_124;672_115_310_359;319_345_217_155;652_1_93_43;466_13_53_45;330_7_53_51
data\car\image\train_1w\8bb1bc41-ea2e-4a0e-9b6f-e5de3961e6df.jpg,127_127_153_135;284_260_166_149
data\car\image\train_1w\342bfe1b-436e-4604-b75b-c23785ff8604.jpg,190_0_78_33;414_0_69_20;745_19_127_60;287_57_89_78;488_34_68_67;204_159_152_120;465_149_139_129;0_391_166_105;676_228_186_199;412_356_207_144;159_0_47_21;57_0_103_55;491_0_63_35
data\car\image\train_1w\bca1e63d-a33a-4e3e-89bf-80924627dc3d.jpg,735_256_180_174
data\car\image\train_1w\55c51b40-9264-4de8-92f0-fb97d281380d.jpg,475_24_82_93;266_0_91_21;144_0_62_13;426_192_196_270
data\car\image\train_1w\d429128f-5674-4ee2-9fe3-f8a001f3c50e.jpg,419_2_135_59;767_0_141_48;6_21_204_90;770_141_181_116;602_243_161_158;86_418_243_82;137_232_199_182
data\car\image\train_1w\3426d4c3-a6b3-4362-aeaa-63cbc184963f.jpg,723_0_133_60;562_49_122_95;0_405_252_93;125_200_202_166;406_239_179_180
data\car\image\train_1w\3757c20d-494a-4af6-b628-a33939f3e707.jpg,170_10_52_35;250_5_51_43;319_6_52_50;529_0_35_17;0_0_62_49;265_130_131_112;458_155_153_172;623_184_140_126;285_242_137_161;526_419_240_81;740_257_329_243;139_0_43_19;201_0_42_25;278_0_40_20;324_0_55_24;548_0_49_39
data\car\image\train_1w\8581cc62-0ebd-487f-bfd4-e2ca16869b78.jpg,591_0_171_49;433_220_174_179;804_266_189_178;36_72_348_424;1021_130_48_84
data\car\image\train_1w\9aad84d0-0534-4e2e-90c2-b35f9fb33193.jpg,0_7_15_25;166_11_71_25;257_27_72_49;337_80_65_38;464_59_67_42;680_28_55_41;971_0_98_26;212_110_274_338;0_26_44_36;683_0_41_22;936_0_40_22
data\car\image\train_1w\d43a15a3-1407-4790-82e3-09874605cdce.jpg,132_4_100_64;217_47_111_89;470_37_122_135;257_135_121_130;267_257_252_212;0_18_70_80;969_1_100_33
data\car\image\train_1w\df8b62ea-dbe7-40e9-9e3e-1c6c96e788f6.jpg,321_0_59_23;523_0_69_44;0_128_34_96;182_0_81_49;815_3_113_54;29_22_112_72;207_28_102_88;342_37_79_70;417_51_99_91;721_43_96_76;865_62_136_80;531_78_106_95;697_111_132_95;528_204_163_163;196_278_249_223;913_304_158_196;152_0_49_23
data\car\image\train_1w\0f658d3f-2d4e-427f-9911-1e4ba1aa6d84.jpg,149_22_112_43;257_1_116_33;383_0_87_51;443_17_135_52;650_0_126_41;196_39_174_53;677_61_78_67;644_120_106_81;143_214_152_121;436_220_132_101;687_267_184_162;11_356_219_140;423_312_180_177;107_14_108_45;919_3_145_36;872_0_35_27
data\car\image\train_1w\675f162f-9b22-470f-9e63-7b53f91fe13c.jpg,155_0_131_31;649_0_99_62;282_55_97_95;698_68_119_89;937_127_132_112;429_151_201_284;117_257_218_208;706_344_243_156
data\car\image\train_1w\8582f137-e8b8-408b-9526-236ed06470aa.jpg,97_27_105_89;696_113_183_98;169_225_176_160;45_0_64_13
data\car\image\train_1w\010f1a64-d145-4cb8-8997-615a41923a8f.jpg,729_0_88_32;885_0_76_38;1023_0_44_51;494_0_112_85;0_28_99_140;866_43_200_120;0_113_38_143;432_139_207_209;73_1_97_97
data\car\image\train_1w\8bacefe3-446b-443c-b719-b68689a1b325.jpg,556_0_57_17;843_0_43_28;465_3_82_46;673_0_74_54;784_17_78_57;123_8_103_95;599_49_125_97;729_112_121_108;465_149_139_164;777_257_200_164;740_0_52_12;636_1_52_9;221_0_34_39
data\car\image\train_1w\5c9aaa69-cd81-4baf-8f51-e3f9caa1b2e5.jpg,65_0_37_21;613_127_107_80;345_177_115_146;800_222_269_122;498_256_162_158;305_403_198_97;0_191_58_128;2_349_208_151;24_1_49_32;102_0_50_28;158_0_54_37;122_135_157_193;470_20_45_32;461_6_44_22;435_0_46_16;522_12_76_28
data\car\image\train_1w\f2ae947f-1c87-4850-b781-66f6e340ce24.jpg,375_15_285_448
data\car\image\train_1w\6758a487-6153-488f-86c3-495ad72e195f.jpg,271_0_43_18;0_114_92_93;144_105_111_96;943_190_126_108;0_246_89_202;310_251_176_173;136_0_59_24;0_3_70_44;548_1_54_35;529_0_30_19;594_0_90_19
data\car\image\train_1w\9aaf7eb4-42bb-4787-8ba2-20dd5dfb2b09.jpg,881_0_86_35;84_0_84_39;658_55_170_163;0_32_95_110;0_143_62_99;1049_184_20_119
data\car\image\train_1w\510b972c-e9a0-456b-8012-1a0a7681f6bd.jpg,307_271_180_151
data\car\image\train_1w\304c6c54-706d-4d39-b94c-05e46afb3536.jpg,298_3_67_32;188_0_72_49;645_52_101_90;516_236_168_150
data\car\image\train_1w\b4f3ee43-3a2e-4967-9f7a-3700f06da491.jpg,367_165_235_219;758_0_267_85
data\car\image\train_1w\a6f9db85-46d3-41c4-bb2d-8a5f0c9afbe4.jpg,42_0_50_25;105_0_77_20;0_2_68_157;229_97_104_93;3_192_67_203;127_235_188_214;1028_0_37_11
data\car\image\train_1w\9ab5b43d-2cac-42f5-8e2a-daa202e3c7ac.jpg,259_270_182_160;0_245_35_115
data\car\image\train_1w\51130e6b-8647-4b3c-b948-d934b1398da3.jpg,148_1_70_45;337_0_54_19;1_22_106_52;211_0_45_19;394_17_76_58;465_12_103_53;531_29_144_61;716_41_77_63;511_47_90_74;584_112_95_87;834_221_187_137;288_251_172_159;586_325_179_163;67_0_65_34;227_8_67_54;871_0_64_40;928_0_42_20;1002_0_67_38;418_97_106_81
data\car\image\train_1w\59b9fffc-7812-4815-b628-023e352875da.jpg,320_0_61_10;111_0_106_75;164_20_106_95;0_68_40_107;62_110_166_114;208_257_176_183
data\car\image\train_1w\6758f117-d54f-4a11-b9c4-2098bd994996.jpg,219_0_164_88;647_11_108_94;571_133_129_135;290_200_182_211;624_314_242_182
data\car\image\train_1w\bca0bd93-9b16-46eb-aac3-980577de5415.jpg,190_0_56_32;299_19_68_34;442_39_58_45;604_31_55_41;667_23_57_44;758_38_63_49;315_110_96_77;472_81_78_62;882_272_155_146;162_274_197_164;654_376_184_119;0_0_86_50;77_6_54_31;312_47_65_40;643_1_42_31;702_0_38_21;937_0_38_14;957_0_109_29
data\car\image\train_1w\858466a7-1014-48f5-8df9-45ca7020c008.jpg,13_0_91_29;114_0_83_19;361_0_94_32;422_0_82_22;915_2_90_26;987_0_72_26;566_0_89_39;738_0_101_24;198_88_139_90;764_241_148_139;480_262_163_159;0_243_29_98;534_0_53_16;623_1_63_32;809_9_85_32;739_7_94_39
data\car\image\train_1w\5c9fb9ac-55c0-4758-8a68-d191c8c33e3f.jpg,129_2_49_25;409_0_49_23;550_0_48_27;226_58_138_64;419_46_79_60;282_92_116_107;0_118_136_108;312_232_140_144;0_0_68_44;518_0_30_21;589_0_84_24
data\car\image\train_1w\f6a7130b-4fac-4e88-900b-74b3d5d098b2.jpg,459_0_102_72;289_43_113_105;766_39_93_84;508_84_123_118;798_100_133_112;823_183_210_149;135_225_218_214;592_0_80_11;787_0_109_68
data\car\image\train_1w\8bb6807e-b4d9-4ae8-9fbe-47e688268a4e.jpg,510_0_128_75;1022_0_47_61;49_0_151_93;0_19_90_138;307_40_156_156;946_77_123_133;810_430_259_66;536_116_228_225;0_78_26_159;855_0_184_92
data\car\image\train_1w\ad6a3a9d-4c9a-479e-8458-9382ccc1234a.jpg,422_10_86_69;202_210_206_198;437_289_214_207;54_3_94_73;155_14_147_80;137_77_162_82;218_135_137_104
data\car\image\train_1w\160dbec3-3697-4608-bc93-0d94d5e81df1.jpg,698_0_115_50;779_0_182_100;0_0_133_84;0_111_79_142;1032_0_37_60;502_153_213_197;886_15_178_167
data\car\image\train_1w\2db3862d-e933-42c0-82cc-4bec451abc4f.jpg,216_45_182_80;829_39_202_78;194_164_155_167;435_236_167_159;706_263_191_159
data\car\image\train_1w\2db218dc-2153-44d5-a028-37efade33dca.jpg,187_0_42_17;289_8_82_38;209_31_62_46;52_61_92_52;151_60_86_66;269_58_67_55;468_11_46_35;628_63_134_55;510_99_88_66;714_114_171_63;213_141_99_104;655_140_120_84;830_214_157_98;0_241_40_136;94_236_160_145;637_237_179_129;378_263_141_161;1008_412_61_88;64_7_55_32;38_26_71_47;159_0_45_41;445_0_23_11;467_0_28_21;434_42_124_45
data\car\image\train_1w\e198cc8a-88c8-4cf0-b280-ea511b3c5d2b.jpg,27_7_52_39;76_11_76_29;263_5_89_31;425_0_50_19;934_1_86_22;688_106_84_99;319_143_95_101;498_122_96_107;836_146_123_83;683_246_140_137;434_273_157_154;967_303_102_190;186_203_202_213;0_28_53_30;198_0_101_35;458_1_80_23;996_1_51_14
data\car\image\train_1w\80b15804-f3ab-4aa7-acea-eb4314aca94f.jpg,932_0_137_81;136_237_228_180
data\car\image\train_1w\8587beec-ff52-48d1-b857-c485d8f53c51.jpg,575_61_166_87;31_70_106_98;290_112_151_117;0_136_73_249;143_290_199_175;76_0_69_53
data\car\image\train_1w\74f20baf-d95c-4788-b01f-d0b60ae170f0.jpg,0_3_42_48;280_5_57_53;438_13_52_51;536_0_51_32;507_42_70_56;181_52_88_68;294_40_66_66;157_102_390_395;435_88_84_64;550_81_82_73;113_118_145_150;590_177_149_104;499_239_171_165;140_0_49_24;222_0_47_25;200_14_52_41;578_0_74_15;823_458_204_39
data\car\image\train_1w\e196b20b-2105-4972-808c-dc8f3c8597f2.jpg,59_0_159_63;515_21_84_72;686_22_69_79;380_95_110_110;567_189_167_188
data\car\image\train_1w\bafc4a2c-4b46-413e-abf0-fc09c433b1c8.jpg,200_0_128_35;394_4_144_67;443_211_140_137;417_383_216_110;739_271_202_179
data\car\image\train_1w\bafb48a5-a781-4519-9ed5-fb8f39c40b78.jpg,343_0_62_24;466_10_69_56;595_0_64_40;469_94_102_88;165_227_160_136;445_280_168_177
data\car\image\train_1w\510db20f-fb9b-4fe8-9472-8f9619aaf755.jpg,174_0_113_23;449_0_97_40;555_0_80_47;283_45_103_97;549_38_99_98;481_169_151_155;498_365_251_135;148_195_229_174
data\car\image\train_1w\b2ebd348-5230-4b3a-bb15-c4df4ac8117b.jpg,622_121_178_161
data\car\image\train_1w\2dab73ab-8861-4ac4-8c4a-807bdc2a76e4.jpg,443_0_67_18;661_13_81_78;330_35_91_81;9_99_175_119;570_73_115_103;911_405_158_95;551_170_184_206
data\car\image\train_1w\59be2bb5-cb31-40fe-bc20-317340da26ed.jpg,364_0_48_23;585_3_60_45;118_9_86_64;141_27_82_60;289_31_84_74;466_37_78_65;598_44_78_68;452_108_90_87;666_118_122_96;419_302_176_175;778_288_206_166;66_0_83_63;470_3_70_38
data\car\image\train_1w\5c9ca4f3-d2f3-4349-a93b-7db8725bd330.jpg,0_0_66_55;134_0_77_46;439_0_82_68;698_56_126_96;549_76_116_107;834_177_164_153;205_10_155_202;160_224_198_172;532_262_171_188
data\car\image\train_1w\e196606f-5fcd-4274-9591-39cbd752f9b6.jpg,463_157_153_136;0_434_264_63;133_207_203_194;731_223_221_203
data\car\image\train_1w\df8b04d1-fc9f-431d-bfcf-359c0a6442ba.jpg,86_0_42_25;162_1_49_26;467_8_41_31;39_68_76_56;352_109_89_85;483_78_118_57;620_131_100_75;0_169_110_123;622_207_159_114;388_277_164_179;0_52_16_55;32_109_105_85;514_0_37_27;529_0_38_17;1029_437_39_63;784_86_136_65
data\car\image\train_1w\f6a6ec4a-bbd6-4eb2-83c6-c33f04dba4be.jpg,218_192_147_173
data\car\image\train_1w\5ca6b406-bfdc-4515-8b86-737ce576a237.jpg,410_215_137_154
data\car\image\train_1w\0f65a4c4-7473-4164-93db-2d81d54188f6.jpg,5_0_41_35;556_4_43_31;256_32_71_45;82_64_104_65;552_65_140_57;826_40_114_37;482_85_79_56;399_259_150_152;466_29_82_51
data\car\image\train_1w\5ca0dcbf-ce97-46d1-9384-a2c093f02edf.jpg,65_0_131_11;487_0_75_50;548_0_46_21;672_0_64_20;776_0_64_30;521_63_119_95;700_128_121_111;441_255_179_178;763_269_218_189
data\car\image\train_1w\7dfafb25-03a5-4f38-9efc-8957c3aec45b.jpg,357_56_123_100;555_54_156_85;720_178_174_154;341_250_186_156;722_323_234_171;0_2_46_20
data\car\image\train_1w\3050cc81-cf2b-4c22-bf11-93733169f3d1.jpg,280_16_34_28;1010_2_59_41;244_41_49_48;316_33_71_51;222_83_68_88;0_192_67_125;506_34_253_353;507_21_50_29;508_3_36_19;492_0_28_17;428_24_75_40;399_13_45_29;377_0_26_19
data\car\image\train_1w\5caa1b76-c15a-4b84-9eaa-a42c7c8c5213.jpg,736_0_71_45;156_1_118_59;273_20_99_65;541_0_91_47;696_15_89_89;0_104_123_103;263_45_96_76;716_91_108_99;186_193_172_151;685_192_200_205;400_291_190_168;247_72_102_119;527_15_105_92
data\car\image\train_1w\becadda4-c60d-4b25-b212-9a83460970f3.jpg,721_0_186_85;1001_0_68_53;0_71_58_171;984_95_84_176;453_129_213_197;846_2_183_139
data\car\image\train_1w\d42fbdd8-1940-43bf-a537-ece0c3061ff8.jpg,221_265_282_233;308_0_315_57
data\car\image\train_1w\378f157b-065b-41a5-96ae-4b7bb20a0953.jpg,27_0_47_31;450_0_40_20;4_49_78_62;587_140_102_84;0_193_66_124;136_192_128_121;342_250_128_136;644_220_168_130;989_396_83_98;28_329_207_168;90_1_47_33;133_0_34_19;166_0_47_34;470_5_41_33;935_97_105_51;845_81_100_43;731_91_119_73;764_113_187_88
data\car\image\train_1w\342d726f-ce3a-40cc-8484-d8d106f15c8e.jpg,188_0_62_45;290_39_63_53;576_38_127_50;469_136_133_99;405_254_143_164;709_156_160_100;153_0_49_23
data\car\image\train_1w\510e7cab-1229-466e-8bff-818adbccaa9d.jpg,0_0_29_61;356_177_158_215
data\car\image\train_1w\b4f3a3f6-5f65-4c93-b8d9-66f2e15925d5.jpg,303_228_178_211
data\car\image\train_1w\7df854e0-c43d-4fce-8503-27702644ad10.jpg,348_0_55_17;466_0_79_54;166_0_75_50;82_40_103_78;481_64_93_118;448_267_159_165;72_2_91_43
data\car\image\train_1w\0f62d443-6ebe-4b4a-ac3f-421f4fd8ebe2.jpg,156_18_83_50;348_7_29_28;391_0_34_26;294_0_57_63;45_73_82_64;228_133_93_76;721_141_187_70;0_233_36_99;848_230_220_90;423_261_137_131;2_449_189_50;1036_445_30_53;810_99_126_42;955_99_93_41;516_16_76_22;514_1_28_12;441_0_26_12;0_2_46_77
data\car\image\train_1w\df8c5d6f-ef03-455b-9ee9-a21c40d05e17.jpg,8_0_140_78;97_0_272_393
data\car\image\train_1w\4aaee94c-7be3-4de5-a89f-b038d2ed4162.jpg,883_0_105_44;512_0_259_60;229_67_92_72;674_86_91_73;221_139_115_103;445_168_148_158;444_394_217_103;51_282_219_164
data\car\image\train_1w\67598c8f-61bd-44d7-b0b7-3ca6ebd51657.jpg,577_0_80_29;499_253_146_177;794_266_237_209
data\car\image\train_1w\9aac80d2-e507-4b0d-86fa-f2556dc80338.jpg,740_0_112_34;230_73_114_101;386_72_105_96;391_205_153_176;640_198_178_163;157_259_173_184;769_263_249_214
data\car\image\train_1w\3765cebd-191d-41ff-a8f7-b51f2e0cc429.jpg,683_182_144_151;447_243_140_159
data\car\image\train_1w\8581b11c-7103-4fb3-a012-a6b098a1c819.jpg,325_0_69_65;426_85_115_100;222_225_177_170;766_0_134_28;905_0_130_43
data\car\image\train_1w\df912a44-28be-433a-9868-fc20759923ed.jpg,58_0_123_47;324_0_85_65;432_0_95_71;445_114_130_133;183_213_175_180
data\car\image\train_1w\80b2fe90-3a9f-4e08-bead-e5ffd6e6af4c.jpg,1_21_62_35;159_21_67_34;311_6_35_25;427_10_32_24;870_0_101_34;1018_0_51_41;207_34_76_41;399_85_65_36;502_62_51_48;577_0_75_73;323_252_124_135;559_235_133_147;484_0_36_19;504_8_42_35;532_0_38_21;646_0_62_26;1045_25_24_25
data\car\image\train_1w\bec07103-e2ff-4c16-beec-53b7cf806d2a.jpg,712_275_198_181
data\car\image\train_1w\e19b9180-ed7b-4088-b79b-d3631a9e2b4b.jpg,444_15_90_89;194_79_144_117;26_233_242_192;413_233_175_173;0_0_104_97;88_0_49_31
data\car\image\train_1w\28ed470b-252b-4478-a901-5003898acc13.jpg,367_0_71_44;171_0_93_52;239_21_81_72;148_113_129_95;492_83_112_97;460_213_159_153;123_266_185_169;0_0_103_22;748_0_105_19
data\car\image\train_1w\37aeaa07-3054-427e-952f-92afff755447.jpg,4_0_98_39;408_7_80_66;443_68_112_95;3_150_99_126;382_126_140_149;733_171_158_156;284_301_230_199;467_1_76_37
data\car\image\train_1w\5cae0457-ee03-4890-a02a-d7c2ed276e8a.jpg,442_1_49_29;265_26_89_64;440_46_81_74;519_229_176_160;79_99_126_91;85_175_167_143
data\car\image\train_1w\ad6a0940-65a8-4f06-bfe2-e54ee0651745.jpg,219_183_180_162;438_234_165_178;802_55_173_69;934_3_111_39
data\car\image\train_1w\304f5347-badc-4ff1-9e13-08c4471f4605.jpg,920_3_149_54;440_17_176_74;3_201_62_180;168_221_146_165;105_382_225_118;438_287_176_186
data\car\image\train_1w\9250b6a4-dc45-4fb5-ab02-3f9a6eba7f30.jpg,209_16_99_51;336_42_131_70;576_36_103_51;621_69_156_68;401_255_134_164;636_328_228_171;0_73_65_84;157_465_175_35
data\car\image\train_1w\df90e67c-e862-4f7a-a268-d346a2530707.jpg,227_0_92_24;268_4_94_53;712_0_113_61;341_22_103_73;261_91_111_100;881_471_190_29;0_157_127_342;444_200_184_167;208_280_194_187
data\car\image\train_1w\ad6a4fce-e883-43de-a663-f339d3a2d6ea.jpg,0_0_39_23;103_6_62_49;185_19_75_61;811_1_122_55;38_45_88_65;721_34_149_60;853_63_121_58;141_80_94_79;316_128_105_88;290_268_164_151;597_158_329_318;0_255_139_245;7_6_55_49;203_0_49_16;401_0_55_15;743_18_124_49;528_0_51_28
data\car\image\train_1w\8581da98-380b-490d-884e-a15e20adec23.jpg,76_0_71_26;471_0_85_21;1_9_83_65;152_0_127_57;37_57_119_92;570_11_87_85;744_35_103_71;293_105_116_100;772_82_116_88;833_135_155_159;458_123_359_377;130_255_205_162;878_338_190_160
data\car\image\train_1w\963c2ab5-70a5-4dd4-af06-6ad3879fabb9.jpg,
data\car\image\train_1w\80b120c7-13eb-4be5-8d39-5cc12aaf40aa.jpg,476_222_167_169;28_0_98_32
data\car\image\train_1w\ad6aedb7-421a-4a36-9035-be2e06469563.jpg,57_5_140_85;781_20_121_105;177_176_142_124;446_215_181_188;53_304_246_187
data\car\image\train_1w\f6aaa8e6-6c2e-456c-94f6-6e1d292615c8.jpg,437_0_66_34;419_50_112_125;0_157_37_112;723_184_166_148;337_211_177_174;664_330_210_169;451_5_73_55
data\car\image\train_1w\510decff-ea17-4d2d-9bd9-84aa99418a05.jpg,285_0_71_38;314_3_83_59;578_14_132_60;239_45_90_84;378_74_99_94;288_161_144_129;751_258_156_136;966_255_102_204;724_0_135_26
data\car\image\train_1w\7e0642d4-0294-4e34-b151-22675a969f22.jpg,524_0_69_50;30_0_118_23;428_11_85_75;630_1_77_55;77_43_105_86;702_95_127_91;925_70_119_82;35_111_163_147;333_121_119_103;545_203_158_173;182_365_220_131;807_267_241_202;991_13_77_60
data\car\image\train_1w\e3d65c80-cdc3-4097-a0ad-374cd2a45107.jpg,442_0_85_42;302_0_71_57;205_24_106_112;396_65_125_123;6_137_133_225;195_254_212_171;978_26_89_76
data\car\image\train_1w\5606c258-8e74-461a-be80-784ac45a7a36.jpg,257_0_92_10;508_0_77_20;547_0_171_47;127_257_200_166
data\car\image\train_1w\74edc96d-747b-4697-9692-655da76d0392.jpg,0_0_70_48;136_0_45_24;254_0_44_33;329_0_42_21;536_0_51_32;600_5_55_45;301_184_129_153;478_251_161_154;676_7_62_44
data\car\image\train_1w\510f2fb1-e8d5-40f7-b96d-156878530494.jpg,1035_0_26_11;992_74_77_77;774_148_167_114;0_150_100_158;189_166_146_128;490_280_187_165;159_357_206_138
data\car\image\train_1w\e3d5c101-6bb9-48af-ac80-08c73304456b.jpg,173_179_162_180;508_197_157_194
data\car\image\train_1w\e19d4a4e-a9eb-43d5-b627-ec12dc8b9d89.jpg,552_0_98_80;22_111_222_130;129_221_216_176;458_231_197_194;122_0_73_23;908_14_161_84
data\car\image\train_1w\16100e20-0d2a-456c-9a7c-7905ead66496.jpg,134_0_71_44;338_0_53_32;892_5_106_49;177_28_88_75;928_47_122_80;767_81_100_86;536_157_117_109;853_170_146_114;315_265_158_147
data\car\image\train_1w\59bb23e8-c3a5-4e99-99bf-4315f16d1283.jpg,205_2_106_63;439_0_118_55;561_30_110_112;144_225_221_187;446_215_179_170;615_1_72_14
data\car\image\train_1w\8badbed1-8b80-44bb-aac6-962d3ad95c8a.jpg,10_7_125_70;493_0_103_79;778_0_113_22;148_49_135_101;113_217_228_203;426_461_230_39
data\car\image\train_1w\2daaf24e-0c29-48b0-bac7-51b6b7d1f463.jpg,789_0_169_96;12_0_145_37;947_110_122_171;485_40_181_170;0_9_108_67;0_77_114_89;568_368_308_129
data\car\image\train_1w\5ca475fc-1e5c-47af-b567-ab0effc700c4.jpg,222_0_66_23;253_2_73_35;315_2_75_23;446_0_65_26;501_0_69_28;663_7_46_35;735_13_43_41;967_0_86_33;953_0_46_17;0_51_34_46;517_80_66_53;685_55_61_51;67_72_65_62;359_35_61_57;782_68_81_72;150_127_118_100;346_114_88_98;475_124_92_81;706_155_103_108;860_186_141_109;209_234_169_148;465_255_133_139;53_0_54_26;2_6_59_26;2_19_62_41;156_0_54_17;109_0_53_29;119_16_92_30;301_6_85_32;387_0_62_26;597_0_45_14;719_0_33_10;465_45_67_41;396_75_61_54
data\car\image\train_1w\28ec6305-2147-428f-bb6c-1c44622e4b72.jpg,298_1_153_15;834_0_218_69;380_44_171_91;548_220_172_164;227_240_188_155
data\car\image\train_1w\675855f4-1e3b-4302-bbf4-e552713df94c.jpg,422_68_71_45;511_73_79_60;366_181_106_109;304_452_198_47;546_224_183_184;25_129_96_82;683_0_85_35;375_0_46_13;327_0_30_11;271_0_40_19
data\car\image\train_1w\f2a8c5d6-5bd3-4f2c-96c7-467b2a0cfb9a.jpg,542_3_59_35;0_2_83_47;213_2_67_62;638_0_69_53;60_34_94_58;276_42_81_84;558_98_107_94;349_128_117_110;606_263_167_152;1018_295_52_130;184_0_46_15;269_0_38_26;299_0_63_42;366_0_35_15
data\car\image\train_1w\7e01b871-1260-4079-a278-c1007c6f8e7d.jpg,387_0_82_13;85_1_141_55;452_6_77_69;922_0_147_56;887_74_141_92;535_198_176_158
data\car\image\train_1w\2dad6151-2212-4200-b26a-e0d860d2e1da.jpg,300_0_97_60;158_138_234_232
data\car\image\train_1w\3048a7c0-d7d8-46f1-a271-d0014e90cf5d.jpg,291_0_60_16;516_4_50_18;90_15_90_54;440_46_86_82;594_30_85_69;9_66_130_120;372_164_138_145;599_234_141_154
data\car\image\train_1w\010f658c-c912-4964-b796-90d3a9f34f19.jpg,719_52_116_110;169_182_229_185;450_198_178_173;673_191_196_216
data\car\image\train_1w\80b7f8f1-fb53-4f5d-b311-d97e888b1412.jpg,453_179_162_214
data\car\image\train_1w\b2c0a5c8-1bc0-4967-a9c3-8525fac17e51.jpg,312_264_198_168;596_249_183_184
data\car\image\train_1w\28ee609b-ae4c-4910-85ba-1d405cd4e335.jpg,603_0_28_14;767_0_72_25;820_4_75_28;874_2_71_25;927_13_65_26;995_7_59_20;426_67_72_58;0_143_120_321;171_249_181_161;375_5_50_45;428_0_39_19;446_5_44_39;434_33_52_37;488_0_35_14;1028_12_41_33;1_13_22_25
data\car\image\train_1w\5ca369ab-7e85-448b-807b-65b3169c63e7.jpg,558_2_92_28;45_11_152_51;656_8_185_79;204_40_140_77;253_87_108_102;541_77_111_123;728_246_192_171;301_1_76_22
data\car\image\train_1w\304faff1-945f-407e-8cef-7955d1dd1b17.jpg,125_131_109_130;198_44_84_88;222_1_74_39;354_0_69_28
data\car\image\train_1w\67582f4e-74d2-4e70-a74e-3b0acb0d1784.jpg,1018_35_49_64;230_0_96_136;127_233_171_160
data\car\image\train_1w\857f5cfe-bf1d-437b-81b6-9d150a655a38.jpg,578_0_76_42;702_0_56_16;500_160_145_122;729_231_192_190;734_2_75_52;713_37_93_89
data\car\image\train_1w\a6f6bf8c-cf39-4908-9dac-452207dfc25e.jpg,402_207_169_197;11_280_236_204;271_0_94_70;58_1_87_38;452_0_88_47
data\car\image\train_1w\304c8d76-eb44-4cc1-85ff-d41afa4c911f.jpg,25_14_62_21;672_14_43_34;761_22_58_57;674_62_66_78;221_231_161_159;415_248_180_249;650_1_36_13;1_2_20_13;0_30_33_29;944_2_79_19;914_1_42_12;1054_0_12_9
data\car\image\train_1w\922588bc-a92e-443c-bb61-849ae84831e4.jpg,545_4_42_27;460_37_60_48;378_265_158_146;636_16_176_181;859_17_156_43;855_38_104_51;237_0_84_24
data\car\image\train_1w\b4f3f6ac-e67a-4a66-9c96-5ebd01c352fa.jpg,6_0_83_51;287_22_109_65;556_171_137_147
data\car\image\train_1w\f6a79cdb-ef73-4da6-82d6-c093c654df73.jpg,0_0_159_75;555_0_159_112;890_0_174_111;0_65_140_103;954_90_114_152;0_137_71_115;287_0_256_196;914_203_155_241
data\car\image\train_1w\37a35cb3-b1a2-4fac-ad75-3bc25c1d5196.jpg,312_0_44_15;361_0_62_27;497_29_84_74;611_38_84_73;611_260_172_170
data\car\image\train_1w\92ac95b5-35f3-4502-80a2-f7e52a698abe.jpg,117_19_184_80;518_36_217_69;0_137_115_173;172_239_195_176
data\car\image\train_1w\3423e8f0-53d1-42a7-a5fa-fcbb1c3f2ab5.jpg,167_0_110_70;166_216_175_162
data\car\image\train_1w\34305195-456c-47b1-b1fe-10465e2ff72f.jpg,337_35_53_54;646_25_115_50;0_72_77_92;607_10_62_37;552_9_46_35;43_1_55_19;144_0_52_28;187_0_49_48;225_0_39_28;254_0_21_6;306_0_59_51;305_141_104_108;404_422_211_78;708_175_169_109
data\car\image\train_1w\01100b57-8e05-400e-8161-d54cf5d71a6b.jpg,74_1_61_23;128_1_78_39;737_4_94_65;0_51_40_85;604_88_25_30;875_151_151_142;571_212_175_174;888_372_177_125;210_252_194_160;465_475_196_25
data\car\image\train_1w\80bc5113-b3f7-4e51-9bf8-fcb6a78e5bb5.jpg,382_3_42_22;1036_0_33_57;151_104_74_75;412_110_56_54;2_178_102_94;361_249_137_129;650_456_204_44;265_0_55_28;319_0_33_24;341_0_26_15;42_2_63_22;1014_10_39_29
data\car\image\train_1w\d3cffa65-54e3-4dc1-977c-21a4852b53ec.jpg,324_2_80_49;468_6_86_55;453_101_114_114;196_191_198_195;461_440_230_60
data\car\image\train_1w\4aad53d8-6229-4d5d-9837-e6d7bfddfcd1.jpg,252_0_87_78;977_18_90_51;0_206_145_221;276_236_184_180;1021_74_42_44
data\car\image\train_1w\59b9776b-a07a-4440-b110-bfe15c468f66.jpg,572_0_155_57;890_0_153_57;176_258_218_191;1026_0_39_19
data\car\image\train_1w\510c60ff-9874-410c-8dbf-f60915ca18b0.jpg,86_15_63_53;387_0_31_24;0_36_26_54;219_79_73_69;321_109_87_74;166_246_140_136;0_182_142_194;383_300_164_179;400_19_37_31
data\car\image\train_1w\b2790fc9-2eed-4b7c-9011-d25543065e57.jpg,306_0_84_50;114_0_127_67;491_22_74_61;170_100_154_144;387_197_161_181;0_0_85_60
data\car\image\train_1w\b2dce856-205b-4b0e-986f-134949eee156.jpg,0_0_72_40;296_0_56_33;412_21_57_45;490_6_42_39;551_6_60_39;349_43_76_58;427_37_95_59;652_50_64_47;1023_52_46_46;709_18_96_44;144_42_80_54;248_11_63_44;10_94_126_84;502_80_76_70;638_123_80_68;300_134_108_94;404_293_156_154;667_275_169_160;0_394_212_103;220_29_43_61;412_3_42_26;552_36_59_54
data\car\image\train_1w\675f5f2e-d421-45e0-8999-43724c39e5f7.jpg,14_118_105_96;328_264_172_210
data\car\image\train_1w\80b7975f-467c-4e8a-b608-7fefc9d30e20.jpg,127_273_211_160
data\car\image\train_1w\01198eed-1923-4d8d-a5d4-9760800057f6.jpg,0_20_118_133;505_43_153_144;0_129_71_113;838_45_231_145;1007_62_59_352
data\car\image\train_1w\5ca27220-a2b3-47ec-809c-967833ccab50.jpg,418_61_349_334
data\car\image\train_1w\5c9d50ab-7433-473c-bf72-12d8b251f26e.jpg,0_3_41_47;756_0_99_33;139_0_123_72;316_0_102_32;276_57_104_94;83_61_163_103;631_117_135_128;908_468_159_32;833_162_196_146;407_246_179_201;1019_112_49_95
data\car\image\train_1w\4aaf5501-82c5-40f0-9daa-de39b2769c87.jpg,153_143_198_174
data\car\image\train_1w\5cac520e-4a18-4c9c-a99a-1a0698890971.jpg,294_0_65_30;380_0_87_85;395_92_105_100;234_158_134_114;629_181_166_122;1037_216_30_158;86_368_196_132;487_432_233_65;522_217_227_166
data\car\image\train_1w\b28d05fe-8450-4086-8113-15525eb58357.jpg,41_46_103_85;868_61_137_60;218_92_113_111;852_100_143_114;0_192_41_143;125_278_197_189;634_279_161_170
data\car\image\train_1w\7e032efa-db89-4de2-b38d-c3476846859d.jpg,617_70_147_144;414_224_239_238;28_204_254_294;3_0_338_55
data\car\image\train_1w\becae906-15f8-462b-9d03-6e449fbf5f06.jpg,0_49_79_103;389_14_214_252;85_0_75_27;0_1_111_82
data\car\image\train_1w\010f55c2-9d1e-42a8-a327-549337ab3bc3.jpg,456_0_54_37;642_0_65_30;791_0_78_52;46_0_94_58;213_1_87_47;97_58_102_88;236_50_102_88;312_15_84_89;543_48_103_87;737_62_83_83;221_115_113_103;122_415_275_84;136_225_190_165;498_205_184_188;807_242_193_172;387_0_63_26;429_411_214_89
data\car\image\train_1w\9ab19ba7-444f-4df9-a568-956d60f28dd9.jpg,181_115_131_128
data\car\image\train_1w\160df1d6-a8a6-4d9a-8422-e4cfafca20b5.jpg,413_15_163_55;848_27_155_78;455_167_137_126;235_316_215_178;324_0_116_27;598_108_467_392
data\car\image\train_1w\e3d5d8a4-9622-45fd-ac07-4e0fdc0ba97b.jpg,341_21_83_66;528_29_107_83;387_76_108_114;191_187_134_134;8_416_255_77;454_262_181_178;275_1_59_33
data\car\image\train_1w\5ca960b4-07bd-436b-b9de-3c1d41bdd5d5.jpg,264_22_114_77;0_415_83_85;481_60_107_98;733_171_164_145;448_213_166_162
data\car\image\train_1w\ad707c49-1bbe-4b7d-852b-a9b5244dc5db.jpg,76_2_57_35;331_0_38_29;286_29_53_47;372_37_53_43;920_98_125_49;184_47_63_60;0_104_93_82;222_107_90_80;468_100_110_69;728_96_161_56;0_177_144_104;132_190_142_162;610_200_145_99;433_258_156_163;0_391_178_102;988_393_81_107;156_14_44_33;187_0_40_23;0_0_12_30;269_0_38_20;452_0_28_20;474_7_35_26;773_114_152_61;726_148_200_73
data\car\image\train_1w\0f675401-aed3-4d82-a660-8c1487917300.jpg,300_0_88_37;452_3_73_67;118_37_119_136;390_111_213_293
data\car\image\train_1w\377b9f04-a23e-4993-b7a0-b38bcbfba6b1.jpg,279_431_212_70;0_332_178_170;479_0_128_22
data\car\image\train_1w\e3d6518e-b0f5-4b4f-bacd-6ee405424ca0.jpg,449_168_113_101;575_148_130_168;339_270_187_204;619_468_190_32
data\car\image\train_1w\55a085eb-13bb-401b-8bd1-00dc1b6c4997.jpg,181_26_95_75;626_21_133_73;543_70_108_99;796_143_151_129;176_220_174_164;410_187_176_179;697_229_145_165;858_393_207_107;751_0_106_34
data\car\image\train_1w\f6a729fa-a829-4475-b502-477360147ed1.jpg,369_27_56_50;457_0_50_22;672_2_58_38;559_17_46_34;660_56_80_53;757_16_104_42;900_19_124_51;462_31_36_52;338_92_79_105;627_108_82_78;668_248_165_189;103_89_176_220;201_9_66_33;255_0_63_32;452_15_41_46;481_38_79_71;570_38_53_53;832_8_55_35
data\car\image\train_1w\8bb5ccf6-d559-42b0-8308-35b53b29836a.jpg,347_0_52_29;611_2_45_28;699_6_50_29;596_71_63_41;10_0_90_55;166_28_81_74;258_36_66_75;312_32_79_105;479_44_94_141;609_111_94_77;395_265_164_147;669_202_398_298;631_189_124_106;595_41_56_36;574_20_48_33;538_0_52_11;502_0_50_38;414_21_60_42;395_7_37_37;415_0_49_17;311_15_55_25;207_12_61_53;259_3_37_33;281_0_48_22;326_0_26_15
data\car\image\train_1w\304da5d2-8c6e-4bac-9e0a-15955ced7c96.jpg,0_0_53_35;418_18_79_75;354_237_157_167;892_19_114_46
data\car\image\train_1w\28f0db79-e0de-4405-a692-5609a2345b0d.jpg,425_0_79_30;125_38_117_95;453_202_161_163;105_240_213_188;123_1_113_50
data\car\image\train_1w\8bb0513e-1ac4-47b4-8f8c-742e42d7513e.jpg,141_0_67_14;356_0_52_19;461_0_50_23;281_28_99_65;485_35_79_68;685_38_89_76;291_83_95_71;493_113_120_97;700_126_127_105;234_105_124_113;422_252_182_185;181_171_146_128;33_302_229_180
data\car\image\train_1w\80bb3e9a-8ea8-4bac-b7ed-108ab5bca9af.jpg,188_0_61_28;508_0_56_28;267_46_91_80;392_67_97_83;126_116_150_139;284_243_183_168
data\car\image\train_1w\74f3cdc0-cd3c-4dc7-887a-505918893846.jpg,691_0_129_21;885_88_179_57;989_145_78_121;409_170_117_126;595_87_296_375;116_241_181_175;366_279_161_221;912_118_157_79
data\car\image\train_1w\74044c50-9b93-4a90-8ca3-5c80d26617cb.jpg,350_2_67_42;123_75_125_124;297_125_116_109
data\car\image\train_1w\80b4e40b-ea01-4968-a8d9-61e8515aeb83.jpg,119_16_55_42;296_0_55_35;896_32_104_49;9_8_74_65;430_13_134_58;532_0_97_51;188_27_52_83;794_0_146_43;4_75_113_78;272_68_126_158;694_66_185_97;134_167_86_112;99_124_109_102;32_244_151_144;30_3_81_38;205_0_55_35;247_0_45_15;286_266_196_166;759_41_166_63
data\car\image\train_1w\ad6e95f9-1136-4d98-be1e-18fb9eb0ac98.jpg,3_0_67_19;317_0_65_34;432_0_75_48;750_0_168_53;466_98_123_106;493_244_156_157;498_428_279_72;150_21_247_360
data\car\image\train_1w\0f63f18e-068c-44d7-8c66-f1493a431f00.jpg,856_2_183_80;0_40_130_121;391_64_143_140;968_83_101_112;0_144_37_86;1028_211_41_184;100_0_48_27
data\car\image\train_1w\80adbf3a-8ccb-4c1a-b11f-d874bab59a9e.jpg,430_0_100_11;724_0_141_71;0_0_157_100;1003_0_66_58;0_80_62_169;529_145_200_182;882_10_187_127;1045_172_24_173
data\car\image\train_1w\857e4cbc-e8fa-4ad1-b595-8e64bc96bfdd.jpg,134_0_81_46;236_0_77_33;439_0_58_16;546_59_95_93;339_81_107_129;552_219_179_187;835_299_230_200;279_453_187_47
data\car\image\train_1w\2dacd8b0-8fbc-415a-887a-96705cfe010b.jpg,40_14_74_35;129_9_64_26;334_3_59_35;611_0_40_25;661_0_69_34;730_0_53_18;897_0_88_23;1013_1_47_26;268_31_68_45;408_38_60_43;60_88_107_79;350_93_65_59;480_63_50_49;784_86_83_65;292_173_116_96;653_251_134_129;907_272_162_186;2_25_53_33;227_5_56_39;489_48_143_175
data\car\image\train_1w\857c58a8-476d-4ff0-87ac-1adb3dfa21a2.jpg,300_234_131_146;573_229_139_141;227_3_96_65;112_4_67_40;165_0_39_15;73_0_61_23;0_57_93_81
data\car\image\train_1w\80b432d8-fe83-4aa5-b94d-15894b662026.jpg,176_24_77_46;569_0_45_25;611_25_60_50;690_0_44_27;516_44_81_51;737_26_119_45;103_58_77_70;252_38_68_59;290_15_125_160;924_45_127_46;0_99_43_105;522_93_83_72;453_158_111_83;185_220_169_130;699_216_140_128;0_390_243_110;340_361_211_139;384_0_107_101;503_0_37_30;490_4_44_49;559_7_51_41;635_39_116_135
data\car\image\train_1w\5111884f-210e-4075-88f4-ffeabc731e1a.jpg,154_269_168_149;813_0_123_37
data\car\image\train_1w\28f3d94c-3c72-4c65-87e1-959038123564.jpg,457_0_47_26;569_6_41_39;625_20_48_36;344_38_57_51;836_7_64_34;671_116_110_87;1031_102_35_80;556_201_128_158;887_16_126_55;1039_177_30_51;836_436_227_60;229_2_108_28
data\car\image\train_1w\675c74f2-5f6a-4336-bb36-0e8cdec09789.jpg,516_13_94_39;604_7_31_34;929_371_116_124;384_310_168_179;669_351_217_147;628_16_118_52
data\car\image\train_1w\74f18f88-ccde-471c-8624-775a2ea9199f.jpg,620_14_92_83;537_231_194_171
data\car\image\train_1w\8bb3a9c1-64d9-4113-b274-436b8fd62019.jpg,42_2_52_25;192_15_76_38;492_37_47_33;701_27_87_34;0_71_15_45;254_35_76_35;513_59_68_54;573_42_62_48;452_90_71_55;554_88_82_53;928_18_139_58;127_95_81_68;330_49_72_55;359_167_101_92;575_149_83_80;526_253_161_148;338_100_74_59;334_3_87_81;423_50_62_51;495_3_70_41;574_12_91_47
data\car\image\train_1w\9ab022a2-01ae-47ce-bb64-605059f03a73.jpg,695_8_180_79;0_184_120_143;194_232_170_172
data\car\image\train_1w\3434b2e0-7d39-454b-9028-04f068d2151c.jpg,0_19_101_60;315_0_86_68;202_20_98_68;382_30_86_78;259_68_97_106;372_226_165_172;452_0_57_28
data\car\image\train_1w\675c76a0-416f-4255-9dde-57f01cfcb434.jpg,387_2_183_58;198_174_171_259
data\car\image\train_1w\8583e0a3-eb13-4eaa-bd57-242b4cfba731.jpg,222_15_105_68;745_0_117_22;271_61_117_110;436_175_139_178;177_300_186_192;399_0_69_27
data\car\image\train_1w\304b94d3-f39e-43f6-8e14-31d4e4b3d0dc.jpg,30_24_90_74;0_58_40_171;861_38_195_143;244_263_282_234
data\car\image\train_1w\b4f33f42-db0b-4adf-ab5d-2928f78b2add.jpg,557_266_166_172
data\car\image\train_1w\01182594-c237-418d-a595-6ece59f95273.jpg,959_0_93_22;191_10_92_55;596_0_77_71;411_80_121_98;583_91_106_88;257_302_204_181;573_290_196_205
data\car\image\train_1w\74efbf29-a7c7-410f-9ab1-69be41bfd98f.jpg,812_0_132_49;894_64_134_91;578_202_150_153
data\car\image\train_1w\34241b50-b09f-409a-a693-26228f3cfe27.jpg,578_230_160_153;256_0_51_24
data\car\image\train_1w\9aabb4d8-5275-4303-a3ad-c2ad70e6c944.jpg,587_241_155_165;12_4_71_51
data\car\image\train_1w\bc9fe6ad-308d-4705-9f37-3a19484b01d5.jpg,0_96_55_154;367_0_153_222;883_14_176_189
data\car\image\train_1w\9ab6dece-a85b-4ad6-8023-3a2ae2d4258c.jpg,21_1_148_56;119_32_141_74;556_32_95_75;589_95_116_144;319_7_180_197;114_234_182_187;553_325_186_167
data\car\image\train_1w\8baf689b-2f41-4358-b259-6bcc9563921e.jpg,390_2_80_46;532_17_63_56;1002_1_67_23;577_90_88_80;564_264_163_166;557_0_54_19;856_0_44_24;913_0_41_15;959_0_54_10;962_24_107_45
data\car\image\train_1w\7e0365a7-b62c-4956-a133-69da25af99b3.jpg,194_0_71_25;247_8_97_74;0_55_93_108;115_67_136_122;0_212_116_171;211_266_174_174
data\car\image\train_1w\511146f1-4590-4bfe-91d1-b7bde9ecbf1f.jpg,206_29_73_41;576_0_49_33;79_27_92_46;278_58_82_71;487_47_72_47;644_59_71_62;305_148_111_100;468_173_99_98;639_164_108_91;695_393_195_102;82_292_221_151;399_308_184_178;353_0_41_11;408_0_43_13;500_0_37_16;510_9_47_32;570_34_59_29;472_81_80_64
data\car\image\train_1w\5cad4497-b800-4ace-be9a-a0d067507b32.jpg,387_0_108_16;426_60_87_74;683_93_101_86;304_142_127_109;489_140_106_101;0_172_88_170;96_310_244_190;89_16_90_51;888_0_118_20
data\car\image\train_1w\d40c2b09-315d-443c-aba6-73f7fa85d948.jpg,569_43_183_192;0_0_149_88
data\car\image\train_1w\bafbdd3c-50d0-434d-a4f3-757454e0a4d7.jpg,408_0_68_49;1015_35_54_59;0_4_83_85;95_21_90_76;398_58_86_78;600_104_96_100;369_233_139_154;605_216_140_126;0_240_237_260;166_194_132_137
data\car\image\train_1w\5ca8e20c-117d-4ab7-89bd-a280cc133578.jpg,115_0_87_28;193_0_67_18;1030_0_39_24;847_127_119_96;442_158_208_210;787_286_178_189;258_1_21_12;2_0_82_24
data\car\image\train_1w\342dcc16-d00d-4009-bd58-3edb1a01e7e6.jpg,201_0_148_105;845_0_175_81;985_63_84_150;586_113_214_210
data\car\image\train_1w\9216c0ce-a44d-4dc6-bfb9-6da5b791bd9f.jpg,294_45_138_143
data\car\image\train_1w\0f66e222-7701-49bf-bf65-532acebbf530.jpg,1_3_63_36;132_0_49_20;196_0_44_26;254_2_52_40;541_0_51_32;0_140_130_119;327_217_121_115;508_250_158_144;306_375_170_125;937_181_131_104;610_0_73_19;514_0_24_12;193_146_6_7
data\car\image\train_1w\01160697-89d0-4ac1-a155-d6faa055f882.jpg,9_0_53_30;522_0_71_41;790_0_148_55;786_58_160_93;105_129_112_103;268_54_237_345;0_272_171_174
data\car\image\train_1w\9ab5c20b-06b1-4c01-aa37-192c9428389f.jpg,271_63_93_82;399_93_112_94;198_213_154_146;67_430_255_69;880_464_189_36;725_297_288_198;735_0_122_21;2_1_37_9
data\car\image\train_1w\34293915-bfb8-4c34-b8b0-500709457ad7.jpg,235_0_57_35;301_3_73_60;433_0_57_18;531_9_69_46;620_0_77_20;6_19_106_62;164_10_94_71;370_51_74_86;538_47_75_79;1001_7_68_101;752_71_101_78;525_183_158_148;986_400_80_97;229_211_179_166;527_0_63_22;629_5_72_55
data\car\image\train_1w\5c9b899d-fd7f-46db-ac8f-44e15766f58b.jpg,129_0_92_26;1025_0_44_31;459_40_71_64;638_57_62_62;747_110_85_95;542_176_134_134;183_252_205_141;774_290_198_202
data\car\image\train_1w\59b85cde-7997-44d2-8983-ef3e01e39cfc.jpg,15_0_42_25;77_7_78_40;181_1_97_36;737_16_133_57;802_1_133_55;618_35_148_83;850_75_152_72;130_88_90_72;335_93_116_120;21_137_189_203;510_0_51_24;573_0_69_24;897_460_172_40
data\car\image\train_1w\9aabfd79-dd60-41a5-abf8-5f34dcc8ae6a.jpg,90_3_77_34;241_28_60_33;640_0_43_29;700_0_48_34;952_0_89_20;300_0_91_45;349_13_98_178;675_58_72_67;490_130_88_85;418_214_164_178;139_288_203_161;0_6_16_22;0_25_34_36;27_32_80_46;1037_0_30_21
data\car\image\train_1w\7dfb4676-b90d-46b6-82af-5997de7b1d37.jpg,174_19_105_71;219_93_127_111;127_201_153_156;51_0_112_45;774_0_143_23
data\car\image\train_1w\675a5955-5bd7-442c-b503-dc3e9be7168f.jpg,225_2_159_67;0_209_94_256;298_252_202_164;736_5_149_39
data\car\image\train_1w\34241be9-f374-4922-8e70-3a1be94c4fa4.jpg,304_284_174_190;0_56_27_75
data\car\image\train_1w\df92a7ff-6d04-4e9e-a2d3-21e1691124a8.jpg,429_0_79_84;55_12_108_99;541_154_131_115;337_231_129_172
data\car\image\train_1w\a6f649c5-3f2b-494f-ac7a-d8cb769e8747.jpg,7_2_52_34;463_0_75_40;590_27_115_108;485_134_139_165;217_56_176_196
data\car\image\train_1w\74f34bb7-fd6b-460f-998b-b551db17c277.jpg,233_58_122_128;815_110_162_142;153_222_213_197
data\car\image\train_1w\4c6cf738-d86f-4003-8329-a1b6fc11ebac.jpg,463_0_54_10;543_11_75_47;611_10_81_30;649_0_73_16;760_1_82_36;854_0_58_12;1009_0_59_17;370_23_86_59;186_69_120_78;318_175_136_100;202_255_197_145;469_264_168_158;946_0_73_9
data\car\image\train_1w\7e010799-b082-4d26-8a9f-94443b8b9d99.jpg,331_11_49_44;398_6_46_39;355_46_66_48;498_57_73_68;822_43_128_39;799_63_163_57;570_68_144_186;727_161_141_107;334_324_169_178;554_319_178_172;850_16_153_51;204_2_115_27;304_1_25_18
data\car\image\train_1w\80b3e9a6-f0dc-4678-8a22-1906a112db37.jpg,854_10_154_61;508_57_118_63;310_81_76_61;564_265_145_166;100_291_204_193;224_0_89_35;311_0_44_17;844_5_69_39;1017_160_52_94
data\car\image\train_1w\bec737b0-8782-438c-8d12-094ef2a20922.jpg,466_0_38_18;948_0_79_15;478_202_110_124;236_221_167_147;0_13_63_32;0_34_19_21;1014_1_52_28;675_162_302_335
data\car\image\train_1w\85872865-f172-42f1-9db4-6a099effe96f.jpg,706_0_157_103;869_0_177_95;34_0_108_81;0_65_66_89;574_55_181_154;0_133_39_99;1026_0_43_58
data\car\image\train_1w\010bd114-660e-48b8-88dd-4669e02f39ea.jpg,0_46_43_45;24_1_131_39;539_0_111_36;637_1_199_61;475_48_224_89;735_145_140_128;0_180_62_108;745_297_210_184
data\car\image\train_1w\74f31a43-19ca-4e2e-b10a-750099eb86f7.jpg,300_0_138_33;623_0_113_44;521_22_86_73;497_199_165_150
data\car\image\train_1w\bb000d86-ee9c-46a0-9ec3-5c5ef3a295ac.jpg,5_0_77_46;128_0_56_25;260_0_52_30;399_0_48_33;551_0_45_32;529_0_24_14;444_97_98_81;468_248_158_148;495_0_40_28;615_3_81_36;719_11_55_36;934_172_135_95
data\car\image\train_1w\4ab1c301-1efc-439d-93d4-7da69ddb37e1.jpg,113_54_131_110;583_225_151_151
data\car\image\train_1w\bca365a3-e938-4a07-9f02-688792a9e14d.jpg,428_0_73_54;287_34_109_97;0_50_102_138;369_236_171_171
data\car\image\train_1w\37445e0b-19f4-493c-a6e8-beb288d620f7.jpg,259_0_90_70;421_0_67_53;0_94_229_216;206_264_200_159
data\car\image\train_1w\b4efd21b-a309-4f1e-b80b-105d1d8874f7.jpg,746_0_98_30;308_24_94_77;470_0_96_106;165_202_194_189;821_0_161_44;1039_0_30_38
data\car\image\train_1w\bafdb88c-d4cb-4fef-9fea-c901732f210c.jpg,22_0_96_77;252_66_131_135
data\car\image\train_1w\9aabf3d5-bf97-4ca7-914e-745ee9bb10ad.jpg,583_266_146_165
data\car\image\train_1w\160d72bb-8811-4007-be16-b68b675a9be3.jpg,1022_50_48_80;210_232_211_161;551_195_178_178;545_454_182_46
data\car\image\train_1w\bec8e199-8121-4b28-a0b6-a4dd7959e590.jpg,378_0_68_53;301_55_86_85;413_93_91_109;0_217_120_203;335_230_163_166;578_218_190_158
data\car\image\train_1w\4ab46db1-0173-4c23-90fb-5c720ffea5fe.jpg,297_0_73_47;991_0_76_41;41_0_73_41;95_7_86_54;550_70_97_73;580_265_172_168;852_0_66_22;920_1_48_14
data\car\image\train_1w\d4161a9c-35a8-456a-9119-edb1614d2d40.jpg,643_0_35_17;799_0_90_27;0_27_24_54;457_240_175_176;0_96_57_71;675_0_95_23
data\car\image\train_1w\59bac9a9-bda4-434c-98ef-e99652534897.jpg,100_12_61_38;5_31_68_78;70_83_89_71;0_199_133_134;216_277_177_172;157_0_44_8;317_0_43_16
data\car\image\train_1w\b4f3c3a2-d141-49ad-9f68-09713d776674.jpg,330_0_54_22;486_0_60_29;640_0_70_23;116_9_105_79;257_14_98_56;546_38_83_72;724_40_89_79;971_29_98_72;0_102_75_111;759_119_156_109;536_162_133_138;315_193_155_167;941_347_128_152;75_5_72_55;184_0_55_9;1035_78_34_48
data\car\image\train_1w\4c6a0e3e-08f7-457f-b1c9-ba5bd7d477a6.jpg,440_0_44_24;539_29_61_44;0_91_120_102;683_126_98_89;185_174_143_129;421_227_130_135;688_279_242_221;172_0_52_30;430_19_58_49;688_0_90_31
data\car\image\train_1w\9aafb305-4a30-4374-a085-d7754ed54e80.jpg,790_0_91_75;474_37_101_91;23_56_164_125;176_0_212_237;451_240_172_173;35_280_233_202
data\car\image\train_1w\5ca00c9f-a49e-4ddd-a7e7-40b2d0669cb2.jpg,286_11_50_34;380_0_30_24;332_55_62_33;66_14_61_61;0_53_82_74;226_72_68_64;143_233_151_133;0_296_85_198;316_67_215_337
data\car\image\train_1w\74ed34dd-1e47-494d-87eb-9916996b224f.jpg,27_40_116_71;534_213_184_208
data\car\image\train_1w\4ab305c2-02b5-45a5-9f09-64a0135c869b.jpg,23_3_68_48;99_0_60_18;232_7_68_50;527_0_78_44;622_0_81_38;1006_3_63_38;313_14_69_62;485_23_118_61;97_87_103_88;796_131_126_116;556_260_184_159;417_13_91_92;862_0_62_35;910_0_59_16;988_0_50_33;974_0_53_18
data\car\image\train_1w\df919091-c280-47ce-aa34-9c0afd7cfeaa.jpg,464_0_74_44;330_0_88_73;245_190_176_170;164_0_74_20;481_136_151_187
data\car\image\train_1w\4c6ffae7-fdb9-4728-84d7-f4c779c9e072.jpg,783_16_50_36;155_16_97_46;900_19_112_40;819_40_121_45;932_77_136_59;1016_145_53_136;588_258_161_187
data\car\image\train_1w\4c68c27d-e9cf-4011-9312-87d34fc3d23f.jpg,363_2_68_38;158_2_101_53;377_49_88_81;369_155_128_122;100_203_178_157;777_0_141_30
data\car\image\train_1w\d41fdfa8-532c-49da-8f83-8cb4b9fa45c2.jpg,411_92_90_107;401_33_94_68;396_0_130_49
data\car\image\train_1w\59bafba4-1f99-42ff-9641-9e2dea6750c7.jpg,909_17_149_63;67_34_110_88;264_32_85_88;0_140_100_165;153_267_201_202
data\car\image\train_1w\f2ae947f-58e2-49d0-9570-58746705bd8e.jpg,14_0_42_27;117_0_64_28;875_29_121_43;423_43_176_61;664_54_160_79;835_70_110_44;159_84_82_81;293_118_104_84;0_123_70_100;77_168_137_114;269_273_176_160;5_340_176_156;512_0_56_34;807_0_127_41;774_43_145_36;846_88_153_61
data\car\image\train_1w\b4f3187d-a618-4276-8b02-1d6222bcd73a.jpg,259_0_44_15;362_17_71_56;457_0_56_18;0_25_56_48;679_54_94_69;396_93_110_87;555_75_93_86;745_158_148_102;559_171_147_111;251_346_210_151;542_283_177_211;70_0_174_150;292_0_58_46;463_14_68_49
data\car\image\train_1w\8bb2d162-4fec-4473-bc62-9ac4d3d252c9.jpg,540_33_156_121;799_39_157_92;321_63_96_94;673_210_189_205
data\car\image\train_1w\e19f9aa1-dc06-403f-93f0-605cb561be24.jpg,0_6_73_34;60_6_58_27;137_4_42_22;259_2_81_28;392_0_50_17;785_79_93_86;0_152_101_102;483_148_104_87;675_142_95_86;429_232_131_166;943_256_131_151;180_250_191_151;700_278_184_186;0_24_47_32;447_0_108_16;563_2_154_23;325_90_145_128
data\car\image\train_1w\010c5168-7a4c-4a2b-ad45-2d5c46cefd97.jpg,239_0_96_33;0_0_186_66;504_0_91_62;598_0_85_33;886_0_149_31;0_53_80_108;592_94_118_111;789_82_146_129;900_422_168_76;543_207_164_218
data\car\image\train_1w\59bf69ba-0ad7-41a7-960f-2789174366ed.jpg,406_89_124_115;1_168_78_139;747_173_150_153;355_238_167_176;760_316_222_174
data\car\image\train_1w\bafc8a20-df16-4715-b4b2-60ed6aa6c894.jpg,223_0_89_24;305_9_66_50;352_0_44_13;530_6_51_42;729_25_112_40;171_31_80_54;478_45_79_55;566_71_82_68;4_84_117_77;292_120_99_64;485_110_85_74;240_163_139_115;451_169_114_121;345_404_179_89;126_274_194_155;286_77_88_53;390_0_44_20;608_154_388_346
data\car\image\train_1w\160697bf-bab1-4bf5-9c14-c71db18b921f.jpg,398_0_109_63;607_114_192_169
data\car\image\train_1w\16089687-870b-4f0c-b2f2-22fa178e0bd2.jpg,213_0_70_44;407_0_55_20;531_0_88_31;99_29_113_95;882_52_126_92;286_177_154_153
data\car\image\train_1w\927b23fc-a91d-4a33-8f94-6c9b29ccf3ba.jpg,149_0_51_39;244_0_61_38;1003_4_56_36;1049_216_17_77;22_0_74_35;537_16_66_57;121_48_172_64;640_49_86_68;724_24_158_63;927_42_115_57;860_0_57_38;466_111_100_80;0_141_38_108;789_172_137_102;306_258_163_156;565_270_181_154;2_21_119_53;174_6_77_55;978_0_81_34;919_0_55_29
data\car\image\train_1w\a6fa7f3d-697a-4292-b42a-3936f19de906.jpg,895_65_135_92;58_116_150_121;571_190_149_183;896_329_173_171;528_1_62_32;1006_5_62_77
data\car\image\train_1w\304a1cbe-5044-43aa-be30-01127748e2dc.jpg,523_7_144_47;859_8_173_62;977_60_92_68;589_128_94_97;348_69_169_219;566_248_155_204;123_337_240_156;0_133_214_365
data\car\image\train_1w\28ec9d66-67c7-4dce-9885-5667e2d4b572.jpg,210_0_57_32;313_0_50_9;225_30_76_55;805_0_127_59;89_38_70_62;367_80_101_114;740_86_177_67;591_220_441_280;314_8_63_46;505_0_63_26;705_26_135_40
data\car\image\train_1w\4aabf730-0c0a-46c3-96dc-69ad4616d49a.jpg,0_0_28_35;796_0_116_25;466_182_161_159;155_191_181_164;728_244_243_256;409_356_236_144;46_386_257_114
data\car\image\train_1w\30497888-5f6e-419b-ab67-4519bd30b9ac.jpg,298_0_129_53;0_30_71_78;278_49_101_76;473_29_79_66;867_27_127_89;249_147_134_122;701_134_131_99;522_235_170_141;133_386_205_116;452_0_107_29;653_0_117_11
data\car\image\train_1w\df8ef1e5-71bd-4b16-b7fd-36914374a51f.jpg,1004_0_58_53;776_25_137_67;416_237_172_163;0_458_218_42;384_404_227_96;117_235_215_191;675_240_204_153
data\car\image\train_1w\f6ab759a-6839-45af-aa75-84714a85257f.jpg,492_8_69_53;296_36_93_75;473_62_95_82;744_30_115_62;271_66_85_88;496_163_130_118;72_91_249_313;742_315_214_185;308_123_60_101;1000_1_65_24
data\car\image\train_1w\bec7c3e1-6dd9-49b9-af83-17cdbe33f8c4.jpg,0_226_53_170;682_257_199_228;0_248_367_252
data\car\image\train_1w\28ed9fdf-3607-4521-87d9-708116b64c63.jpg,372_0_35_34;436_12_38_26;500_5_39_28;1013_2_56_43;286_41_42_35;416_42_54_42;500_44_53_40;112_16_135_117;372_119_81_67;792_106_162_96;0_294_138_206;533_96_245_277;295_300_181_190;275_1_26_21;298_4_39_35;325_0_32_17;559_61_67_37
data\car\image\train_1w\30515b43-4ac2-413b-8a5b-3d612d3c1152.jpg,172_0_71_22;715_16_106_74;0_27_105_83;535_37_88_71;209_54_180_171;557_254_168_188;12_0_80_36
data\car\image\train_1w\a6f9ce73-f52a-425d-a5bc-4af8980d7037.jpg,98_20_70_33;189_50_97_85;364_13_123_141;586_38_101_63;410_329_153_168;689_154_88_95;644_348_230_150;189_0_44_16
data\car\image\train_1w\011234e1-8053-4d7a-b8d8-e20a33f77d29.jpg,5_0_61_43;210_6_80_37;424_27_60_36;661_0_35_18;935_0_84_21;983_0_83_27;337_47_62_37;371_74_73_50;300_0_71_68;518_53_84_62;695_75_67_59;5_123_88_64;163_225_194_170;0_22_50_40
data\car\image\train_1w\675f9141-37a4-4178-946f-deadb7166f32.jpg,348_0_79_26;521_13_68_49;562_0_52_25;376_39_78_67;494_87_89_98;487_218_147_166
data\car\image\train_1w\80b9b715-b42d-43b3-b121-461b4735415d.jpg,0_109_127_140;161_259_192_197
data\car\image\train_1w\80b76cdc-1605-4bd6-9cf8-531bb21dd72a.jpg,129_0_76_59;265_0_82_98;90_63_112_96;221_107_99_106;864_146_141_110;1_190_81_189;142_217_190_212;553_331_213_169
data\car\image\train_1w\7e007ea4-8b4f-4b77-b6d5-5d65fb3256c0.jpg,2_3_35_32;126_1_118_12;512_0_68_18;774_0_112_20;336_3_181_52;202_136_146_130;377_202_174_178;446_0_96_41;622_0_118_17
data\car\image\train_1w\010f2dc6-d146-4ce5-aed7-183160fa8770.jpg,2_0_52_40;128_0_177_83;495_0_130_46;335_14_90_89;497_54_89_86;734_51_49_44;992_26_74_92;362_143_133_117;726_134_162_116;998_139_73_103;578_206_173_195
data\car\image\train_1w\9ab717e5-8cae-4130-8c0b-6eb0b53fdbb2.jpg,152_0_56_14;430_0_62_9;659_1_85_12;185_218_138_131;392_283_159_179;749_0_62_24;803_0_70_18
data\car\image\train_1w\55cb7a05-1ed5-4b94-8ea9-fca0165b8c1e.jpg,1020_0_49_10;166_0_115_43;44_19_86_65;0_75_112_113;324_81_128_81;843_129_155_120;194_219_188_214
data\car\image\train_1w\b2b2a3dd-182b-4736-8de2-1974824dee71.jpg,93_3_57_28;155_9_67_31;267_16_57_47;351_38_52_41;374_84_80_92;221_258_164_135;8_9_79_39;1_26_49_35
data\car\image\train_1w\37970b15-c369-4c64-9542-d1796621fbfb.jpg,465_166_145_192
data\car\image\train_1w\e19ef93a-9dcf-4fc2-917a-fb6795b724da.jpg,0_128_63_91;338_214_153_201
data\car\image\train_1w\f2a6238d-a4b0-4d09-9ac5-040c63a64a22.jpg,177_0_74_24;274_0_111_64;435_11_82_64;533_52_97_85;385_99_105_95;566_200_159_172;0_73_198_169;306_228_189_197
data\car\image\train_1w\857d1074-c1f6-4fbc-8d12-cbd8434cdfcc.jpg,0_29_24_29;123_11_67_24;378_8_77_46;672_0_36_23;937_0_42_18;283_30_73_37;471_51_74_49;674_50_53_63;344_79_72_63;495_123_98_106;205_238_163_135;400_244_142_172;715_325_187_172;5_19_74_30;687_7_34_37;953_0_91_22
data\car\image\train_1w\74f1e214-f2e6-43da-ad94-8a550e7bd2bc.jpg,125_0_64_37;802_0_137_51;856_57_153_66;279_64_83_82;789_63_126_44;25_208_152_135;281_239_188_189;524_0_58_40;587_0_61_22;717_26_140_42;699_88_215_67
data\car\image\train_1w\2dada267-1ba3-4a1e-8807-306bd6745b18.jpg,238_7_67_64;386_42_92_63;531_50_154_69;212_91_132_72;322_149_126_115;0_136_41_111;323_266_165_147;0_165_151_140
data\car\image\train_1w\4c6c9a75-6210-40ac-bf45-f8a330f1e3cc.jpg,314_0_185_91;73_214_206_164;382_233_196_204;38_0_178_30
data\car\image\train_1w\4ab0b454-7d53-4082-9f84-b04b096783de.jpg,496_0_165_35;756_0_154_26;0_189_108_135;158_259_201_172;2_0_67_15
data\car\image\train_1w\59c163fa-32f8-4df4-a32d-bf0993780765.jpg,453_4_56_17;577_3_82_56;685_39_108_82;954_64_113_82;310_96_133_133;586_132_121_111;786_194_219_144;912_392_156_107;186_261_184_148;530_273_197_201
data\car\image\train_1w\e195e421-570f-4800-be1a-406482b220a7.jpg,357_0_78_42;780_0_123_29;41_0_91_55;91_27_110_77;262_31_102_92;429_41_106_106;372_145_140_125;331_436_211_64;631_189_198_148;122_206_168_158;909_182_160_252;696_324_199_164;200_0_102_38
data\car\image\train_1w\bafbfa13-a38c-44d9-8333-455e085093c4.jpg,0_3_55_50;213_10_76_59;744_0_54_25;52_88_60_47;317_266_168_159;635_299_193_174;566_63_82_71;46_0_80_35
data\car\image\train_1w\bca30fca-be02-47b3-9041-1b42a671f41c.jpg,321_0_37_25;361_0_38_22;423_15_45_33;504_19_51_52;1052_8_17_29;67_72_71_46;407_97_70_62;532_94_65_82;568_183_501_317;916_1_106_36;286_0_31_21;259_9_35_27;289_21_38_31;318_242_152_162
data\car\image\train_1w\8bb284fb-cbfa-439a-9aca-605582aeb7f8.jpg,463_246_158_147;91_0_62_46;29_0_55_33
data\car\image\train_1w\5caabf0c-2312-43dc-a9b8-2a1135453aa7.jpg,0_136_12_30;338_18_41_37;418_0_39_32;552_19_50_37;342_61_59_58;493_39_68_57;631_62_65_56;818_69_149_70;973_45_93_57;433_106_90_87;550_77_70_63;1004_85_61_68;192_137_127_132;736_130_95_96;331_258_168_174;742_281_211_177;132_19_90_55;384_19_52_41;868_17_121_43;1018_160_50_80;276_0_54_24
data\car\image\train_1w\8bb4c4c9-75e4-48a6-aeec-dc1dc6dee203.jpg,534_97_170_189;589_430_148_60;366_0_45_19;326_1_34_13;329_254_142_159
data\car\image\train_1w\b281db62-3dfa-4c7d-bff1-e50b230c9e4c.jpg,767_0_40_47;736_0_39_16;275_10_84_65;385_21_85_65;210_62_114_136;390_180_130_133;666_129_192_204;50_376_244_124
data\car\image\train_1w\342e19ed-4a5b-4594-8243-519fb1295262.jpg,498_119_107_109;211_235_199_179;415_241_165_206;75_7_107_54;5_55_159_94
data\car\image\train_1w\d3d9829b-9131-434c-8f8e-ad1e301e4e22.jpg,3_3_109_52;190_0_122_38;752_12_90_66;497_98_140_104;169_147_143_122;368_211_169_168;88_250_204_197;701_266_243_190;330_0_113_21;527_0_141_18;1_424_217_74
data\car\image\train_1w\d3e52a83-5c44-4ebc-ae93-7ace4cb514de.jpg,519_1_88_72;666_11_93_60;186_0_125_52;612_71_123_128;245_73_157_89;554_233_184_205;123_389_294_109;157_36_153_70;251_143_167_121
data\car\image\train_1w\4aaf375e-af71-46ea-af83-058ac2111953.jpg,278_0_110_47;583_0_97_59;532_66_139_94;0_135_99_163;465_246_167_182;1021_115_48_97
data\car\image\train_1w\55ea3c32-0239-4658-99a7-756a6ecf9c47.jpg,195_0_63_10;448_0_102_37;731_1_111_41;0_197_116_96;194_214_149_132;390_273_148_162;0_277_277_223;256_0_99_13;358_0_72_8
data\car\image\train_1w\342d4c37-b3c7-429f-869e-06d7f3c6802a.jpg,358_0_63_41;857_0_143_44;444_37_94_79;273_77_126_133;393_228_177_176;1_137_30_84
data\car\image\train_1w\bec3fdff-9145-4459-bf1a-ce896c51427d.jpg,372_0_73_35;724_0_111_11;72_0_109_42;727_14_121_71;172_28_89_74;475_45_109_88;193_100_113_94;369_103_111_105;744_186_256_271;428_311_353_185;376_260_168_156
data\car\image\train_1w\e19de6ec-ca1e-49f3-af1a-18453c56751e.jpg,396_28_60_36;947_0_97_24;348_51_62_49;796_61_79_86;662_85_65_75;0_173_71_97;487_124_94_81;825_163_138_94;705_262_164_149;80_334_252_166;0_23_61_38;1056_3_13_17
data\car\image\train_1w\bafe78a6-39ea-4d62-a5a5-f12469601ee7.jpg,49_4_50_19;226_25_46_28;332_0_32_17;424_7_40_33;56_62_88_39;100_93_74_60;997_0_72_43;615_32_128_45;880_67_165_62;344_222_143_163;375_0_31_12;283_21_63_34;946_24_123_45
data\car\image\train_1w\bec1b1d0-d62a-43fc-b46b-74650f925173.jpg,0_0_132_37;404_0_132_60;158_49_143_93;358_232_157_167;1_10_24_39;865_0_166_48
data\car\image\train_1w\e19ec8c2-970c-4b9a-bc0f-bc17d4724213.jpg,0_0_117_47;93_0_170_89;223_59_118_88;543_30_87_67;273_83_128_130;570_103_145_191;928_247_141_163;227_217_207_208;499_1_66_16;985_42_83_130
data\car\image\train_1w\4aae5d41-c6bf-4d38-943a-fb3f7eea3692.jpg,607_4_91_62;500_242_175_163;498_0_92_36;846_2_58_34
data\car\image\train_1w\4ab367ff-f02d-47eb-b662-27dfb3120f31.jpg,309_248_168_146
data\car\image\train_1w\d3f38882-a6a7-43e1-b562-23349b04baa7.jpg,292_0_91_51;454_40_112_104;104_174_205_187;403_248_201_201
data\car\image\train_1w\7e008857-628e-4346-a543-a43bc7056173.jpg,429_0_67_45;303_7_72_56;986_5_83_75;465_62_91_82;267_139_129_113;462_208_167_188
data\car\image\train_1w\0115d40e-0853-48de-8e57-713229f73a95.jpg,356_14_58_62;670_0_85_23;186_191_122_122;347_251_148_155;413_2_44_21
data\car\image\train_1w\5cacaf5e-3042-432e-a4a6-84d765e4e693.jpg,67_0_101_27;326_7_132_55;893_0_171_30;733_44_164_76;151_60_163_128;393_92_97_86;260_206_168_148;478_0_206_236;188_1_115_46;205_0_104_28;844_8_151_60
data\car\image\train_1w\51108bcf-101c-4058-84c7-86305d0488dc.jpg,412_0_84_79;63_223_235_200
data\car\image\train_1w\3423ddb0-54c7-458b-a680-1c678dcee9e8.jpg,390_9_233_366;363_24_112_84
data\car\image\train_1w\7dfd5442-96f9-44d9-a722-132516217763.jpg,446_0_68_21;50_0_124_41;144_9_128_128;437_43_120_158;194_228_188_187
data\car\image\train_1w\2dae2af1-98d4-49a0-9cfb-5b134ac2ee69.jpg,240_267_176_152
data\car\image\train_1w\59be33a7-08d5-444e-9200-10d4e53b7979.jpg,20_1_136_41;213_26_105_86;504_45_107_88;986_111_83_94;476_133_117_116;445_380_239_115;171_223_192_193
data\car\image\train_1w\74ed03a7-d684-4c91-972b-a5a8e98f2c3d.jpg,53_0_84_39;218_5_84_69;945_0_97_46;234_68_101_98;156_273_178_172
